{
	"format_version": "1.8.0",
	"animations": {
		"idle": {
			"loop": true
		},
		"work": {
			"loop": true,
			"animation_length": 0.5,
			"bones": {
				"blender": {
					"rotation": {
						"0.0": {
							"vector": [0, 0, 0]
						},
						"0.125": {
							"vector": [0, 90, 0]
						},
						"0.25": {
							"vector": [0, 180, 0]
						},
						"0.375": {
							"vector": [0, 270, 0]
						},
						"0.5": {
							"vector": [0, 357.5, 0]
						}
					}
				},
				"juice": {
					"position": {
						"vector": [-0.75, 1.5, 0.25]
					},
					"scale": {
						"0.0": {
							"vector": [1, 2.075, 0.95]
						},
						"0.0417": {
							"vector": [1, 1.95, 0.95]
						},
						"0.0833": {
							"vector": [1, 2.25, 0.95]
						},
						"0.125": {
							"vector": [1, 1.95, 0.95]
						},
						"0.1667": {
							"vector": [1, 1.775, 0.95]
						},
						"0.2083": {
							"vector": [1, 2.4, 0.95]
						},
						"0.25": {
							"vector": [1, 2.125, 0.95]
						},
						"0.2917": {
							"vector": [1, 2.05, 0.95]
						},
						"0.3333": {
							"vector": [1, 2.325, 0.95]
						},
						"0.375": {
							"vector": [1, 2.2, 0.95]
						},
						"0.4167": {
							"vector": [1, 1.875, 0.95]
						},
						"0.4583": {
							"vector": [1, 2.1, 0.95]
						},
						"0.5": {
							"vector": [1, 2.15, 0.95]
						}
					}
				},
				"main": {
					"rotation": {
						"0.0": {
							"vector": [-5, 0, 0]
						},
						"0.0417": {
							"vector": [-5.04292, 7.4713, -0.6574]
						},
						"0.0833": {
							"vector": [-2.5, 0, 0]
						},
						"0.125": {
							"vector": [2.5, 0, 0]
						},
						"0.1667": {
							"vector": [0, -5, 0]
						},
						"0.2083": {
							"vector": [0.21803, -2.49525, -2.49999]
						},
						"0.25": {
							"vector": [-2.39109, -2.50238, 0.00238]
						},
						"0.2917": {
							"vector": [-2.38881, -0.00455, -0.10189]
						},
						"0.3333": {
							"vector": [0.11162, -5.00455, -0.11162]
						},
						"0.375": {
							"vector": [-0.10734, -5.00464, 2.39795]
						},
						"0.4167": {
							"vector": [-2.60734, -5.00464, 2.39795]
						},
						"0.4583": {
							"vector": [-2.3862, -5.11356, -0.10944]
						},
						"0.5": {
							"vector": [-2.39783, -7.61139, -0.00447]
						}
					}
				}
			}
		},
		"full": {
			"loop": "hold_on_last_frame",
			"animation_length": 4,
			"bones": {
				"blender": {
					"rotation": {
						"0.0": {
							"vector": [0, 0, 0]
						},
						"0.5": {
							"vector": [0, 45, 0]
						},
						"1.0": {
							"vector": [0, 90, 0]
						},
						"1.5": {
							"vector": [0, 135, 0]
						},
						"2.0": {
							"vector": [0, 180, 0]
						},
						"2.5": {
							"vector": [0, 225, 0]
						},
						"3.0": {
							"vector": [0, 270, 0]
						},
						"3.5": {
							"vector": [0, 315, 0]
						},
						"4.0": {
							"vector": [0, 360, 0]
						}
					}
				},
				"juice": {
					"position": {
						"vector": [-1, 3, 0]
					},
					"scale": {
						"0.0": {
							"vector": [1, 1.325, 0.975]
						},
						"1.0": {
							"vector": [1, 1.425, 0.975]
						},
						"2.0": {
							"vector": [1, 1.525, 0.975]
						},
						"3.0": {
							"vector": [1, 1.425, 0.975]
						},
						"4.0": {
							"vector": [1, 1.325, 0.975]
						}
					}
				},
				"main": {
					"rotation": {
						"0.0": {
							"vector": [-2.5, -2.5, 0]
						},
						"0.5": {
							"vector": [0, 2.5, 0]
						},
						"1.0": {
							"vector": [0, 0, 0]
						}
					}
				}
			}
		},
		"has_item": {
			"loop": "hold_on_last_frame",
			"animation_length": 0.0417,
			"bones": {
				"juice": {
					"position": {
						"vector": [-1, 3, 0]
					},
					"scale": {
						"vector": [1, 1.325, 0.975]
					}
				}
			}
		}
	},
	"geckolib_format_version": 2
}